name,price,sold,page,gmv
"DRESS ANAK KONICHIWA EBV Baju Dress Anak Perempuan Import - Grey, M",114400,2,1,228800
Kaos Tulisan Jepang - KONICHIWA - Baju Kaos Distro Pria Murah - FPC ID,34500,26,1,897000
[EP] Yuki Saito - Kanashimi yo Konichiwa (Maison Ikkoku),140000,0,1,0
KONICHIWA Sandal Jepit Dewasa Series 5,123000,0,1,0
Sprei Anak Beverly 120x200 100x200 90x200 Hello Kitty Konichiwa,112500,3,1,337500
konichiwa eyewear frame kacamata pure asetat 72011 kacamata cateye,115000,0,1,0
KONICHIWA - Sarung Tangan Latex/Lateks | Gloves Isi 100,36500,0,1,0
SANDAL ANAK KONICHIWA UNISEX KIDS,70000,0,1,0
Sandal konichiwa,65000,60,1,3900000
Promo Sandal Konichiwa Abstract Pop - Navy Blue - Women Murah,192400,0,1,0
Hakushika Umakuchi shika Pack 3L sake,1150000,5,1,5750000
lotte xylitol bts - jimin,50000,0,1,0
Little Pep Oppa TShirt - Dewasa S,148000,2,1,296000
"T-Shirt Karakter Korean Cute / Kaos Distro Anak - Koya, S ( 1-2 Thn )",37500,0,1,0
POP IT JUMBO XL BUTTERFLY / popit tiktok viral kado,79000,40,1,3160000
Buku Travelling / Konichiwa Japan! / Buku tentang Jepang / Buku Travel,31900,10,1,319000
"[LP] Ito Tsukasa - Sayonara, Konichiwa (Yume Miru Season) Vinyl PH",260000,0,1,0
KONICHIWA Jepit Sandal Dewasa 5 Series,182000,0,1,0
Penghapus lucu smiggle konichiwa eraser set,70000,1,1,70000
konichiwa eyewear frame kacamata pure asetat 72006 kacamata cateye,120000,0,1,0
Sandal konichiwa (=),84000,0,1,0
Buku Travelling / Konichiwa Japan!,52200,0,1,0
Konichiwa Nihongo Jilid 1 untuk Siswa SMA Kelas X,80000,0,1,0
sandal anak no 6 konichiwa,105000,0,1,0
Kaos japan jepang konichiwa salur garis cowok distro pria,45000,1,1,45000
Kaos kpop BTS butter kuning anak cewek 2 3 4 5 6 7 8 9 10 tahun - XXS,70000,2,1,140000
POP IT XXXL PASTEL STRAWBERRY PREMIUM / rainbow popit tiktok bubble,169000,21,1,3549000
Buku Traveling : Konichiwa Japan!,58000,5,1,290000
BAJU KAOS KONICHIWA TULISAN JEPANG T-SHIRT,49999,1,1,49999
Jual SANDAL ANAK KONICHIWA UNISEX KIDS Murah,107500,0,1,0
Perempuan Anak bayi bayi Bayi KONICHIWA Anak Import Dress heybaby Gaun,135000,0,1,0
Frame kacamata minus bulat konichiwa + lensa antiradiasi,99000,0,1,0
Terapik heybaby DRESS KONICHIWA EBV Baju Dress Anak Perempuan Import,85000,0,1,0
Frame kacamata minus bulat konichiwa + lensa antiradiasi,99000,0,1,0
Frame kacamata bulat konichiwa,59000,0,1,0
"Frame kacamata baca minus plus
Konichiwa",90000,0,1,0
Colourpop X hello kitty lipstick (konichiwa),100000,1,1,100000
Bedcover Set Anti Geser Motif HK KONICHIWA UK 120X200-200X200,350000,1,1,350000
Bantal Terapi Sakura / Konichiwa Bantal Panas Belt + Magnet Tipis,201000,0,1,0
Bedcover Set Beverly 120x200 90x200 100x200 Hello Kitty Konichiwa,365000,0,1,0
Heybaby Dress Konichiwa Ebv Baju Dress Anak Perempuan Import Dress,100018,0,1,0
Bedcover Set Katun Lokal 120x200 100x200 90x200 Hello Kitty Konichiwa,365000,0,1,0
Bedcover Set Katun Lokal 120x200 90x200 100x200 Hello Kitty Konichiwa,365000,0,1,0
Sprei Anak Katun Lokal 120x200 100x200 90x200 Hello Kitty Konichiwa,180000,0,1,0
Sprei Anak Katun Lokal 120x200 9x200 100x200 Hello Kitty Konichiwa,180000,0,1,0
Bedcover Set Beverly 100x200 120x200 90x200 Hello Kitty Konichiwa,365000,0,1,0
Sprei Anak Beverly 120x200 90x200 100x200 Hello Kitty Konichiwa,112500,0,1,0
BEDCOVER SET KATUN PREMIUM KING | QUEEN | SINGLE MOTIF konichiwa,330000,0,1,0
HappyOliver KONICHIWA Import Anak Dress Baju DRESS EBV Perempuan,134000,0,1,0
MYS243- HappyOliver DRESS KONICHIWA EBV Baju Dress Anak Perempuan Impo,918000,0,1,0
HappyOliver DRESS KONICHIWA EBV Baju Dress Anak Perempuan Import,116000,0,1,0
Paket lensa minus - frame kacamata pria wanita konichiwa Ready,139000,0,1,0
MYS243- heybaby DRESS KONICHIWA EBV Baju Dress Anak Perempuan Import a,925000,0,1,0
FYN244- HappyOliver DRESS KONICHIWA EBV Baju Dress Anak Perempuan Impo,918000,0,1,0
heybaby DRESS KONICHIWA EBV Baju Dress Anak Perempuan Import Dress,1049000,0,1,0
heybaby DRESS KONICHIWA EBV Baju Dress Anak Perempuan Import Dress,86000,0,1,0
BUKU MOTIVASI : KONICHIWA JAPAN!,100000,0,1,0
Kâœ‰4X DRESS ANAK KONICHIWA EBV BAJU DRESS ANAK PEREMPUAN T LãŠšR6,146000,0,1,0
FYN244- heybaby DRESS KONICHIWA EBV Baju Dress Anak Perempuan Import a,925000,0,1,0
VQ325 kaos distro pria konichiwa allsize ld98cm cotton 30s,83900,0,1,0
Travelling Buku Buku tentang Travelling Jepang Japan Konichiwa Buku Je,71000,0,1,0
Happyoliver Dress Konichiwa Ebv Baju Dress Anak Perempuan Import Best,979000,0,1,0
Littleaaron Dress Konichiwa Ebv Baju Dress Anak Perempuan Import,107000,0,1,0
HappyOliver DRESS KONICHIWA EBV Baju Dress Anak Perempuan Import,144000,0,1,0
HappyOliver DRESS KONICHIWA EBV Baju Dress Anak Perempuan Import,152000,0,1,0
SPREI SET KATUN PREMIUM BEVERLY HK KONICHIWA MERAH,120000,0,1,0
SPREI SET KATUN PREMIUM BEVERLY HK KONICHIWA PINK,120000,0,1,0
Heybaby-Dress Konichiwa Ebv Baju Dress Anak Perempuan Import Dress,992000,0,1,0
"DRESS ANAK KONICHIWA EBV Baju Dress Anak Perempuan Import - Grey, M",114400,2,2,228800
Hakushika Umakuchi shika Pack 3L sake,1150000,5,2,5750000
"T-Shirt Karakter Korean Cute / Kaos Distro Anak - Koya, S ( 1-2 Thn )",37500,0,2,0
Marutai Kurume Noko Tonkotsu Ramen 194 Gr,51000,3,2,153000
POP IT PREMIUM STRAWBERRY popit tiktok popit tebal its murah new,59000,100,2,5900000
HappyOliver DRESS KONICHIWA EBV Baju Dress Anak Perempuan Import,142000,0,2,0
"Sprei Anak Motif Konichiwa By Katun Star, Seprei Katun Lokal",366000,0,2,0
Seprei Set Anti Geser Motif HK KONICHIWA UK 120X200-200X200,120000,0,2,0
Konichiwa jacket jeans,155000,0,2,0
BEDCOVER SET KATUN STAR MOTIF KONICHIWA UKURAN 140 sd 200,455000,0,2,0
POP IT JUMBO XXXL RAINBOW BIG BOW / popit tiktok pita viral hadiah,139000,3,2,417000
SPREI SET KATUN STAR MOTIF KONICHIWA UKURAN 90 sd 200,115000,0,2,0
BEDCOVER SET KATUN STAR MOTIF KONICHIWA UKURAN 90 sd 120,340000,0,2,0
Smiggle Ori A5 Pencil Case Konichiwa,175000,0,2,0
Konichiwa 65ml Parfum Dokyo J15 Pheromone 100% Original Jepang,260000,5,2,1300000
cetak dus konichiwa,2875000,1,2,2875000
Sarung Tangan Konichiwa Powder Free,40000,2,2,80000
BEDCOVER + SPREI SET KATUN PREMIUM BEVERLY HK KONICHIWA MERAH,365000,0,2,0
Buku Traveling : Konichiwa Japan!,123000,0,2,0
PROMO Buku Travelling / Konichiwa Japan! / Buku tentang Jepang / Buku,66000,0,2,0
Sprei set katun Star HK konichiwa p uk 200|180|160|140|120|100|90,125000,1,2,125000
Sprei set katun Star HK konichiwa r uk 200|180|160|140|120|100|90,125000,0,2,0
Sprei Bedcover Katun Star HK konichiwa p uk 200|180|160|140|120|100|90,360000,0,2,0
Sprei Bedcover Katun Star HK konichiwa r uk 200|180|160|140|120|100|90,360000,0,2,0
Konichiwa Japan!,31900,0,2,0
Paket lensa minus - frame kacamata pria wanita konichiwa,166000,0,2,0
Produk heybaby DRESS KONICHIWA EBV Baju Dress Anak Perempuan Import,1166000,0,2,0
BEDCOVER + SPREI SET KATUN PREMIUM BEVERLY HK KONICHIWA PINK,365000,0,2,0
Promo Sarung Tangan Latex non Powder merk Konichiwa ukuran L Limited,89000,0,2,0
PROMO SANDAL KONICHIWA BERKUALITAS,207000,0,2,0
SPREI KONICHIWA,140000,2,2,280000
Handuk Mandi Konichiwa Corak,39000,0,2,0
Konichiwa Salad Wrap,78000,0,2,0
Sandal konichiwa ðŸ‘š,85000,0,2,0
DRESS KONICHIWA Baju Dress Anak Perempuan Dress anak bayi Perempuan,110752,0,2,0
pesanan khusus konichiwa bdg,523312,1,2,523312
Konichiwa Salad Bowl,78000,0,2,0
[Dijual] Sakura / Konichiwa Bantal Panas Belt + Magnet Tipis,198000,0,2,0
Handskun Konichiwa Latex Free Powder,45000,2,2,90000
DRESS ANAK KONICHIWA EBV Baju Dress Anak Perempuan Import,114400,2,2,228800
Sprei Set Katun Star HK konichiwa uk 200|180|160|140|120|100|90,125000,0,2,0
Sprei Bedcover Set Katun Star konichiwa p uk200|180|160|140|120|100|90,355000,1,2,355000
Sprei Set Katun Star konichiwa p uk 200|180|160|140|120|100|90,125000,0,2,0
sprei & bedcover katun beverly collection motif HK konichiwa 2 warna ,260000,0,2,0
PROMO SANDAL KONICHIWA BERKUALITAS,272500,0,2,0
FER223- heybaby DRESS KONICHIWA EBV Baju Dress Anak Perempuan Import a,932000,0,2,0
SUNSHINE FRAME KACAMATA BULAT KONICHIWA TERMURAH SEINDONESIA,307000,0,2,0
BUKU MOTIVASI : KONICHIWA JAPAN!,84800,0,2,0
Soraya Bedsheet Set Bedcover Single Katun Gold Motif Konichiwa Murah,793000,0,2,0
BUKU MOTIVASI : KONICHIWA JAPAN!,99000,0,2,0
Soraya Bedsheet Set Bedcover Single Katun Gold Motif Konichiwa,793000,0,2,0
FER223- HappyOliver DRESS KONICHIWA EBV Baju Dress Anak Perempuan Impo,952000,0,2,0
TERBUKTI Kemeja Katun Konichiwa BYR,122000,0,2,0
HappyOliver DRESS KONICHIWA EBV Baju Dress Anak Perempuan Import,103400,0,2,0
Konichiwa 65ml Parfum Dokyo J15 Pheromone 100 Original Jepang,374400,0,2,0
KAOS WANITA ATASAN WANITA DISTRO GREENLIGHT KAOS KONICHIWA GREENLIGHT,64900,0,2,0
Menarik Paket lensa minus - frame kacamata pria wanita konichiwa,163500,0,2,0
Menarik Paket lensa minus - frame kacamata pria wanita konichiwa,163500,0,2,0
Sandal konichiwa,150000,0,2,0
Buku Travelling : KONICHIWA JAPAN! - Buku tentang Jepang,81900,0,2,0
BEDCOVER SET KATUN BEVERLY MOTIF HK KONICHIWA RED,884000,0,2,0
Sepatu Corvalue Footwear - Sneakers Kasual Pria Wanita Konichiwa Fulwh,361000,0,2,0
SEPATU CORVALUE FOOTWEAR - Sepatu Sneakers Casual Konichiwa Full White,210000,0,2,0
Buku Traveling : Konichiwa Japan!,81900,0,2,0
Buku Traveling - Konichiwa Japan Travel Food Culture Life,96000,0,2,0
DRESS KONICHIWA Baju Dress Anak Perempuan Import,85900,0,2,0
"DRESS ANAK KONICHIWA EBV Baju Dress Anak Perempuan Import - Grey, M",114400,2,3,228800
Hakushika Umakuchi shika Pack 3L sake,1150000,5,3,5750000
lotte xylitol bts - jimin,50000,0,3,0
Little Pep Oppa TShirt - Dewasa S,148000,2,3,296000
"T-Shirt Karakter Korean Cute / Kaos Distro Anak - Koya, S ( 1-2 Thn )",37500,0,3,0
Buku Traveling : Konichiwa Japan! : Buku Tentang Jepang,84800,0,3,0
Iâž¸EC DRESS ANAK KONICHIWA EBV BAJU DRESS ANAK PEREMPUAN T Kâœ‰49,195000,0,3,0
- BUKU REFERENSI : Konichiwa Japan!,66100,0,3,0
Konichiwa Japan!,41000,0,3,0
"Sprei Katun Lokal Motif HK Konichiwa By Bahan Katun Beverly,Sprei",322000,0,3,0
POP IT JUMBO XL BUTTERFLY / popit tiktok viral kado,79000,40,3,3160000
Kaos kpop BTS butter kuning anak cewek 2 3 4 5 6 7 8 9 10 tahun - XXS,70000,2,3,140000
POP IT XXXL PASTEL STRAWBERRY PREMIUM / rainbow popit tiktok bubble,169000,21,3,3549000
HappyOliver DRESS KONICHIWA EBV Baju Dress Anak Perempuan Import ðŸ¤ž,80000,0,3,0
BEDCOVER + SPREI SET KATUN PREMIUM BEVERLY HK KONICHIWA RED,365000,0,3,0
BUKU TRAVELLING / KONICHIWA JAPAN! / BUKU TENTANG JEPANG / BUKU,72000,0,3,0
HappyOliver DRESS KONICHIWA EBV Baju Dress Anak Perempuan Import,108000,0,3,0
ASLI BUKU MOTIVASI : KONICHIWA JAPAN! READY STOCK,90000,0,3,0
SPREI SET KATUN PREMIUM BEVERLY HK KONICHIWA PINK,120000,0,3,0
Produk Terbatas Happyoliver Dress Konichiwa Ebv Baju Dress Anak,992000,0,3,0
Buku Motivasi : Konichiwa Japan!,95000,0,3,0
"Sprei Katun Lokal Motif HK Konichiwa By Bahan Katun Beverly,Sprei",342000,0,3,0
BEDCOVER + SPREI SET KATUN PREMIUM BEVERLY HK KONICHIWA PINK,365000,0,3,0
Buku Travelling / Konichiwa Japan! / Buku tentang Jepang / Buku,71000,0,3,0
Hoodie anak perempuan motif kawai lucu cute konichiwa jaket cewek,26000,0,3,0
Terbaru Heybaby Dress Konichiwa Ebv Baju Dress Anak Perempuan Import,1193000,0,3,0
Terlaris Buku Travelling / Konichiwa Japan! / Buku tentang Jepang /,41000,0,3,0
Buku Travelling : KONICHIWA JAPAN! - Buku tentang Jepang,84000,0,3,0
Buku Traveling : Konichiwa Japan!,90000,0,3,0
Promo / Buku Sejarah / Buku Travelling / Buku Jepang : Konichiwa,90000,0,3,0
PROMO' Buku Travelling / Konichiwa Japan! / Buku tentang Jepang /,41000,0,3,0
- terlaris // heybaby-dress konichiwa ebv baju dress anak perempuan,121000,0,3,0
Buku Travelling / Konichiwa Japan! / Buku Tentang Jepang / Buku,121000,0,3,0
Konichiwa 65ml Parfum Dokyo J15 Pheromone 100 Original Jepang Limited,387400,0,3,0
Buku Konichiwa Japan! (Cklik Media - 2020),58000,1,3,58000
Buku Travelling / Konichiwa Japan! / Buku tentang Jepang / Buku Travel,40600,1,3,40600
Handskun / Konichiwa / Powder / Uk L,50000,0,3,0
Sprei Konichiwa,517000,0,3,0
Baju Kodok Pendek Konichiwa,113000,0,3,0
Sprei Set Katun Lokal Homemade Motif HK Konichiwa,115000,2,3,230000
Kemeja Katun Konichiwa,142000,0,3,0
HappyOliver DRESS KONICHIWA EBV Baju Dress Anak Perempuan Import,149000,0,3,0
Handskun Latex / Konichiwa / Free Powder / Uk S,45000,0,3,0
SPREI SET KATUN PREMIUM KING | QUEEN | SINGLE MOTIF konichiwa,115000,0,3,0
Setelan anak Konichiwa Ryucho,95000,0,3,0
Baju Kodok Piteku Panjang seri konichiwa,68000,0,3,0
Baju kodok pendek Piteku konichiwa,57000,0,3,0
Ritter Sport Konichiwa,132000,0,3,0
Smiggle Konichiwa Eraser Set Penghapus Cantik Lucu Karakter Jepang,50000,0,3,0
SARUNG TANGAN KONICHIWA POWDER,35000,0,3,0
Handskun / Konichiwa / Powder / Uk M,50000,0,3,0
heybaby DRESS KONICHIWA EBV Baju Dress Anak Perempuan Import Dress,86000,0,3,0
heybaby DRESS KONICHIWA EBV Baju Dress Anak Perempuan Import Dress,1010000,0,3,0
Handskun / Konichiwa / Powder / Uk S,50000,0,3,0
promo Buku Traveling : Konichiwa Japan! : Buku Tentang Jepang ready,74000,0,3,0
Handskun Latex / Konichiwa / Free Powder / Uk. L,45000,0,3,0
Glove Merk Konichiwa Non Powder,52000,0,3,0
dress anak perempuan KONICHIWA baju anak perempuan pakaian anak IMPORT,90150,0,3,0
"Sprei Anak Motif Konichiwa By Katun Star,Seprei Katun Lokal",181000,0,3,0
Kemeja Blouse Konichiwa Korea Wanita Kantor,104599,0,3,0
baju anak perempuan import DRESS KONICHIWA,83500,0,3,0
DRESS ANAK KONICHIWA EBV Baju Dress Anak Perempuan Import,114400,0,3,0
Konichiwa Latex Non Steril Powder Free,48000,0,3,0
mochi kacang konichiwa,20000,0,3,0
Dress Konichiwa Ebv Baju Dress Anak Perempuan Import Dress Anak,93000,0,3,0
Konichiwa Eraser set,80000,0,3,0
SARUNG TANGAN KONICHIWA LPF,36500,1,3,36500
SARUNG TANGAN KONICHIWA LPS,33000,1,3,33000
